{
  "Balmora, Guild of Mages":[{
      "location":{
        "posX":-442.70016479492,
        "posZ":-267.48901367188,
        "posY":42.827571868896,
        "rotX":0.140625,
        "rotY":0,
        "rotZ":-0.140625
      },
      "owner":"epsondark",
      "destination":{
        "location":{
          "posX":0,
          "posZ":2000,
          "posY":0,
          "rotX":0,
          "rotY":0,
          "rotZ":0
        },
        "cell":"Balmora, Guild of Mages"
      }
    },{
      "location":{
        "posX":-27.598701477051,
        "posZ":1973.3765869141,
        "posY":11.314315795898,
        "rotX":0.2890625,
        "rotY":0,
        "rotZ":-1.6250002384186
      },
      "destination":{
        "location":{
          "posX":-442.70016479492,
          "posZ":-267.48901367188,
          "posY":42.827571868896,
          "rotX":0.140625,
          "rotY":0,
          "rotZ":-0.140625
        },
        "cell":"Balmora, Guild of Mages"
      }
    },{
      "location":{
        "posX":-228.00144958496,
        "posZ":226.2331237793,
        "posY":-114.81519317627,
        "rotX":1.1879838705063,
        "rotY":0,
        "rotZ":0.19921851158142
      },
      "owner":"epsondark",
      "destination":{
        "location":{
          "posX":0,
          "posZ":3000,
          "posY":0,
          "rotX":0,
          "rotY":0,
          "rotZ":0
        },
        "cell":"Balmora, Guild of Mages"
      }
    },{
      "location":{
        "posX":52.028457641602,
        "posZ":3018.5,
        "posY":20.642044067383,
        "rotX":0.7890625,
        "rotY":0,
        "rotZ":0.48437476158142
      },
      "destination":{
        "location":{
          "posX":-228.00144958496,
          "posZ":226.2331237793,
          "posY":-114.81519317627,
          "rotX":1.1879838705063,
          "rotY":0,
          "rotZ":0.19921851158142
        },
        "cell":"Balmora, Guild of Mages"
      },
      "owner":"epsondark"
    }],
  "-4, -4":[{
      "location":{
        "posX":-29258.78125,
        "posZ":604.38879394531,
        "posY":-25242.080078125,
        "rotX":0.43359375,
        "rotY":0,
        "rotZ":-0.20940899848938
      },
      "owner":"epsondark",
      "destination":{
        "location":{
          "posX":0,
          "posZ":3000,
          "posY":0,
          "rotX":0,
          "rotY":0,
          "rotZ":0
        },
        "cell":"Balmora, Guild of Fighters"
      }
    }],
  "Balmora, Odai River-Watch Tower":[{
      "location":{
        "posX":3848.3432617188,
        "posZ":14399.720703125,
        "posY":4161.2578125,
        "rotX":0.35546875,
        "rotY":0,
        "rotZ":0.09765625
      },
      "owner":"epsondark",
      "destination":{
        "location":{
          "posX":0,
          "posZ":2000,
          "posY":0,
          "rotX":0,
          "rotY":0,
          "rotZ":0
        },
        "cell":"Balmora, Odai River-Watch Tower"
      }
    },{
      "location":{
        "posX":17.535190582275,
        "posZ":2077.9318847656,
        "posY":-4.915828704834,
        "rotX":1.2661088705063,
        "rotY":0,
        "rotZ":-1.3164064884186
      },
      "destination":{
        "location":{
          "posX":3848.3432617188,
          "posZ":14399.720703125,
          "posY":4161.2578125,
          "rotX":0.35546875,
          "rotY":0,
          "rotZ":0.09765625
        },
        "cell":"Balmora, Odai River-Watch Tower"
      }
    }],
  "Balmora, Guild of Fighters":[{
      "location":{
        "posX":418.03381347656,
        "posZ":133.99990844727,
        "posY":257.14593505859,
        "rotX":0.203125,
        "rotY":0,
        "rotZ":0.14549899101257
      },
      "owner":"epsondark",
      "destination":{
        "location":{
          "posX":0,
          "posZ":2000,
          "posY":0,
          "rotX":0,
          "rotY":0,
          "rotZ":0
        },
        "cell":"Balmora, Guild of Fighters"
      }
    },{
      "location":{
        "posX":29.618595123291,
        "posZ":2018.5,
        "posY":-30.995492935181,
        "rotX":0.4765625,
        "rotY":0,
        "rotZ":-1.5117189884186
      },
      "destination":{
        "location":{
          "posX":418.03381347656,
          "posZ":133.99990844727,
          "posY":257.14593505859,
          "rotX":0.203125,
          "rotY":0,
          "rotZ":0.14549899101257
        },
        "cell":"Balmora, Guild of Fighters"
      },
      "owner":"epsondark"
    },{
      "location":{
        "posX":18.318538665771,
        "posZ":3018.5,
        "posY":-4.8496284484863,
        "rotX":0.4609375,
        "rotY":0,
        "rotZ":1.6074039936066
      },
      "destination":{
        "location":{
          "posX":-29258.78125,
          "posZ":604.38879394531,
          "posY":-25242.080078125,
          "rotX":0.43359375,
          "rotY":0,
          "rotZ":-0.20940899848938
        },
        "cell":"-4, -4"
      },
      "owner":"epsondark"
    }],
  "Balmora, Drarayne Thelas' House":[{
      "location":{
        "posX":105.92296600342,
        "posZ":47.401634216309,
        "posY":31.921363830566,
        "rotX":0.31640625,
        "rotY":0,
        "rotZ":-0.10546851158142
      },
      "owner":"epsondark",
      "destination":{
        "location":{
          "posX":0,
          "posZ":2000,
          "posY":0,
          "rotX":0,
          "rotY":0,
          "rotZ":0
        },
        "cell":"Balmora, Drarayne Thelas' House"
      }
    },{
      "location":{
        "posX":36.813228607178,
        "posZ":2018.5,
        "posY":-4.0606021881104,
        "rotX":0.80078125,
        "rotY":0,
        "rotZ":-1.5000002384186
      },
      "destination":{
        "location":{
          "posX":105.92296600342,
          "posZ":47.401634216309,
          "posY":31.921363830566,
          "rotX":0.31640625,
          "rotY":0,
          "rotZ":-0.10546851158142
        },
        "cell":"Balmora, Drarayne Thelas' House"
      }
    }],
  "-3, -2":[{
      "location":{
        "posX":-19549.65234375,
        "posZ":160.99998474121,
        "posY":-11895.55078125,
        "rotX":0.3203125,
        "rotY":0,
        "rotZ":0.777827501297
      },
      "destination":{
        "location":{
          "posX":0,
          "posZ":7000,
          "posY":0,
          "rotX":0,
          "rotY":0,
          "rotZ":0
        },
        "cell":"Balmora, Fast Eddie's House"
      },
      "owner":"epsondark"
    }]
}